{
  "ArtistId": {
    "0": 1,
    "1": 2,
    "2": 3,
    "3": 4,
    "4": 5,
    "5": 6,
    "6": 7,
    "7": 8,
    "8": 9,
    "9": 10,
    "10": 11,
    "11": 12,
    "12": 13,
    "13": 14,
    "14": 15,
    "15": 16,
    "16": 17,
    "17": 18,
    "18": 19,
    "19": 20,
    "20": 21,
    "21": 22,
    "22": 23,
    "23": 24,
    "24": 25,
    "25": 26,
    "26": 27,
    "27": 28,
    "28": 29,
    "29": 30,
    "30": 31,
    "31": 32,
    "32": 33,
    "33": 34,
    "34": 35,
    "35": 36,
    "36": 37,
    "37": 38,
    "38": 39,
    "39": 40,
    "40": 41,
    "41": 42,
    "42": 43,
    "43": 44,
    "44": 45,
    "45": 46,
    "46": 47,
    "47": 48,
    "48": 49,
    "49": 50,
    "50": 51,
    "51": 52,
    "52": 53,
    "53": 54,
    "54": 55,
    "55": 56,
    "56": 57,
    "57": 58,
    "58": 59,
    "59": 60,
    "60": 61,
    "61": 62,
    "62": 63,
    "63": 64,
    "64": 65,
    "65": 66,
    "66": 67,
    "67": 68,
    "68": 69,
    "69": 70,
    "70": 71,
    "71": 72,
    "72": 73,
    "73": 74,
    "74": 75,
    "75": 76,
    "76": 77,
    "77": 78,
    "78": 79,
    "79": 80,
    "80": 81,
    "81": 82,
    "82": 83,
    "83": 84,
    "84": 85,
    "85": 86,
    "86": 87,
    "87": 88,
    "88": 89,
    "89": 90,
    "90": 91,
    "91": 92,
    "92": 93,
    "93": 94,
    "94": 95,
    "95": 96,
    "96": 97,
    "97": 98,
    "98": 99,
    "99": 100,
    "100": 101,
    "101": 102,
    "102": 103,
    "103": 104,
    "104": 105,
    "105": 106,
    "106": 107,
    "107": 108,
    "108": 109,
    "109": 110,
    "110": 111,
    "111": 112,
    "112": 113,
    "113": 114,
    "114": 115,
    "115": 116,
    "116": 117,
    "117": 118,
    "118": 119,
    "119": 120,
    "120": 121,
    "121": 122,
    "122": 123,
    "123": 124,
    "124": 125,
    "125": 126,
    "126": 127,
    "127": 128,
    "128": 129,
    "129": 130,
    "130": 131,
    "131": 132,
    "132": 133,
    "133": 134,
    "134": 135,
    "135": 136,
    "136": 137,
    "137": 138,
    "138": 139,
    "139": 140,
    "140": 141,
    "141": 142,
    "142": 143,
    "143": 144,
    "144": 145,
    "145": 146,
    "146": 147,
    "147": 148,
    "148": 149,
    "149": 150,
    "150": 151,
    "151": 152,
    "152": 153,
    "153": 154,
    "154": 155,
    "155": 156,
    "156": 157,
    "157": 158,
    "158": 159,
    "159": 160,
    "160": 161,
    "161": 162,
    "162": 163,
    "163": 164,
    "164": 165,
    "165": 166,
    "166": 167,
    "167": 168,
    "168": 169,
    "169": 170,
    "170": 171,
    "171": 172,
    "172": 173,
    "173": 174,
    "174": 175,
    "175": 176,
    "176": 177,
    "177": 178,
    "178": 179,
    "179": 180,
    "180": 181,
    "181": 182,
    "182": 183,
    "183": 184,
    "184": 185,
    "185": 186,
    "186": 187,
    "187": 188,
    "188": 189,
    "189": 190,
    "190": 191,
    "191": 192,
    "192": 193,
    "193": 194,
    "194": 195,
    "195": 196,
    "196": 197,
    "197": 198,
    "198": 199,
    "199": 200,
    "200": 201,
    "201": 202,
    "202": 203,
    "203": 204,
    "204": 205,
    "205": 206,
    "206": 207,
    "207": 208,
    "208": 209,
    "209": 210,
    "210": 211,
    "211": 212,
    "212": 213,
    "213": 214,
    "214": 215,
    "215": 216,
    "216": 217,
    "217": 218,
    "218": 219,
    "219": 220,
    "220": 221,
    "221": 222,
    "222": 223,
    "223": 224,
    "224": 225,
    "225": 226,
    "226": 227,
    "227": 228,
    "228": 229,
    "229": 230,
    "230": 231,
    "231": 232,
    "232": 233,
    "233": 234,
    "234": 235,
    "235": 236,
    "236": 237,
    "237": 238,
    "238": 239,
    "239": 240,
    "240": 241,
    "241": 242,
    "242": 243,
    "243": 244,
    "244": 245,
    "245": 246,
    "246": 247,
    "247": 248,
    "248": 249,
    "249": 250,
    "250": 251,
    "251": 252,
    "252": 253,
    "253": 254,
    "254": 255,
    "255": 256,
    "256": 257,
    "257": 258,
    "258": 259,
    "259": 260,
    "260": 261,
    "261": 262,
    "262": 263,
    "263": 264,
    "264": 265,
    "265": 266,
    "266": 267,
    "267": 268,
    "268": 269,
    "269": 270,
    "270": 271,
    "271": 272,
    "272": 273,
    "273": 274,
    "274": 275
  },
  "Name": {
    "0": "AC/DC",
    "1": "Accept",
    "2": "Aerosmith",
    "3": "Alanis Morissette",
    "4": "Alice In Chains",
    "5": "Ant\u00f4nio Carlos Jobim",
    "6": "Apocalyptica",
    "7": "Audioslave",
    "8": "BackBeat",
    "9": "Billy Cobham",
    "10": "Black Label Society",
    "11": "Black Sabbath",
    "12": "Body Count",
    "13": "Bruce Dickinson",
    "14": "Buddy Guy",
    "15": "Caetano Veloso",
    "16": "Chico Buarque",
    "17": "Chico Science & Na\u00e7\u00e3o Zumbi",
    "18": "Cidade Negra",
    "19": "Cl\u00e1udio Zoli",
    "20": "Various Artists",
    "21": "Led Zeppelin",
    "22": "Frank Zappa & Captain Beefheart",
    "23": "Marcos Valle",
    "24": "Milton Nascimento & Bebeto",
    "25": "Azymuth",
    "26": "Gilberto Gil",
    "27": "Jo\u00e3o Gilberto",
    "28": "Bebel Gilberto",
    "29": "Jorge Vercilo",
    "30": "Baby Consuelo",
    "31": "Ney Matogrosso",
    "32": "Luiz Melodia",
    "33": "Nando Reis",
    "34": "Pedro Lu\u00eds & A Parede",
    "35": "O Rappa",
    "36": "Ed Motta",
    "37": "Banda Black Rio",
    "38": "Fernanda Porto",
    "39": "Os Cariocas",
    "40": "Elis Regina",
    "41": "Milton Nascimento",
    "42": "A Cor Do Som",
    "43": "Kid Abelha",
    "44": "Sandra De S\u00e1",
    "45": "Jorge Ben",
    "46": "Hermeto Pascoal",
    "47": "Bar\u00e3o Vermelho",
    "48": "Edson, DJ Marky & DJ Patife Featuring Fernanda Porto",
    "49": "Metallica",
    "50": "Queen",
    "51": "Kiss",
    "52": "Spyro Gyra",
    "53": "Green Day",
    "54": "David Coverdale",
    "55": "Gonzaguinha",
    "56": "Os Mutantes",
    "57": "Deep Purple",
    "58": "Santana",
    "59": "Santana Feat. Dave Matthews",
    "60": "Santana Feat. Everlast",
    "61": "Santana Feat. Rob Thomas",
    "62": "Santana Feat. Lauryn Hill & Cee-Lo",
    "63": "Santana Feat. The Project G&B",
    "64": "Santana Feat. Man\u00e1",
    "65": "Santana Feat. Eagle-Eye Cherry",
    "66": "Santana Feat. Eric Clapton",
    "67": "Miles Davis",
    "68": "Gene Krupa",
    "69": "Toquinho & Vin\u00edcius",
    "70": "Vin\u00edcius De Moraes & Baden Powell",
    "71": "Vin\u00edcius De Moraes",
    "72": "Vin\u00edcius E Qurteto Em Cy",
    "73": "Vin\u00edcius E Odette Lara",
    "74": "Vinicius, Toquinho & Quarteto Em Cy",
    "75": "Creedence Clearwater Revival",
    "76": "C\u00e1ssia Eller",
    "77": "Def Leppard",
    "78": "Dennis Chambers",
    "79": "Djavan",
    "80": "Eric Clapton",
    "81": "Faith No More",
    "82": "Falamansa",
    "83": "Foo Fighters",
    "84": "Frank Sinatra",
    "85": "Funk Como Le Gusta",
    "86": "Godsmack",
    "87": "Guns N' Roses",
    "88": "Incognito",
    "89": "Iron Maiden",
    "90": "James Brown",
    "91": "Jamiroquai",
    "92": "JET",
    "93": "Jimi Hendrix",
    "94": "Joe Satriani",
    "95": "Jota Quest",
    "96": "Jo\u00e3o Suplicy",
    "97": "Judas Priest",
    "98": "Legi\u00e3o Urbana",
    "99": "Lenny Kravitz",
    "100": "Lulu Santos",
    "101": "Marillion",
    "102": "Marisa Monte",
    "103": "Marvin Gaye",
    "104": "Men At Work",
    "105": "Mot\u00f6rhead",
    "106": "Mot\u00f6rhead & Girlschool",
    "107": "M\u00f4nica Marianno",
    "108": "M\u00f6tley Cr\u00fce",
    "109": "Nirvana",
    "110": "O Ter\u00e7o",
    "111": "Olodum",
    "112": "Os Paralamas Do Sucesso",
    "113": "Ozzy Osbourne",
    "114": "Page & Plant",
    "115": "Passengers",
    "116": "Paul D'Ianno",
    "117": "Pearl Jam",
    "118": "Peter Tosh",
    "119": "Pink Floyd",
    "120": "Planet Hemp",
    "121": "R.E.M. Feat. Kate Pearson",
    "122": "R.E.M. Feat. KRS-One",
    "123": "R.E.M.",
    "124": "Raimundos",
    "125": "Raul Seixas",
    "126": "Red Hot Chili Peppers",
    "127": "Rush",
    "128": "Simply Red",
    "129": "Skank",
    "130": "Smashing Pumpkins",
    "131": "Soundgarden",
    "132": "Stevie Ray Vaughan & Double Trouble",
    "133": "Stone Temple Pilots",
    "134": "System Of A Down",
    "135": "Terry Bozzio, Tony Levin & Steve Stevens",
    "136": "The Black Crowes",
    "137": "The Clash",
    "138": "The Cult",
    "139": "The Doors",
    "140": "The Police",
    "141": "The Rolling Stones",
    "142": "The Tea Party",
    "143": "The Who",
    "144": "Tim Maia",
    "145": "Tit\u00e3s",
    "146": "Battlestar Galactica",
    "147": "Heroes",
    "148": "Lost",
    "149": "U2",
    "150": "UB40",
    "151": "Van Halen",
    "152": "Velvet Revolver",
    "153": "Whitesnake",
    "154": "Zeca Pagodinho",
    "155": "The Office",
    "156": "Dread Zeppelin",
    "157": "Battlestar Galactica (Classic)",
    "158": "Aquaman",
    "159": "Christina Aguilera featuring BigElf",
    "160": "Aerosmith & Sierra Leone's Refugee Allstars",
    "161": "Los Lonely Boys",
    "162": "Corinne Bailey Rae",
    "163": "Dhani Harrison & Jakob Dylan",
    "164": "Jackson Browne",
    "165": "Avril Lavigne",
    "166": "Big & Rich",
    "167": "Youssou N'Dour",
    "168": "Black Eyed Peas",
    "169": "Jack Johnson",
    "170": "Ben Harper",
    "171": "Snow Patrol",
    "172": "Matisyahu",
    "173": "The Postal Service",
    "174": "Jaguares",
    "175": "The Flaming Lips",
    "176": "Jack's Mannequin & Mick Fleetwood",
    "177": "Regina Spektor",
    "178": "Scorpions",
    "179": "House Of Pain",
    "180": "Xis",
    "181": "Nega Gizza",
    "182": "Gustavo & Andres Veiga & Salazar",
    "183": "Rodox",
    "184": "Charlie Brown Jr.",
    "185": "Pedro Lu\u00eds E A Parede",
    "186": "Los Hermanos",
    "187": "Mundo Livre S/A",
    "188": "Otto",
    "189": "Instituto",
    "190": "Na\u00e7\u00e3o Zumbi",
    "191": "DJ Dolores & Orchestra Santa Massa",
    "192": "Seu Jorge",
    "193": "Sabotage E Instituto",
    "194": "Stereo Maracana",
    "195": "Cake",
    "196": "Aisha Duo",
    "197": "Habib Koit\u00e9 and Bamada",
    "198": "Karsh Kale",
    "199": "The Posies",
    "200": "Luciana Souza/Romero Lubambo",
    "201": "Aaron Goldberg",
    "202": "Nicolaus Esterhazy Sinfonia",
    "203": "Temple of the Dog",
    "204": "Chris Cornell",
    "205": "Alberto Turco & Nova Schola Gregoriana",
    "206": "Richard Marlow & The Choir of Trinity College, Cambridge",
    "207": "English Concert & Trevor Pinnock",
    "208": "Anne-Sophie Mutter, Herbert Von Karajan & Wiener Philharmoniker",
    "209": "Hilary Hahn, Jeffrey Kahane, Los Angeles Chamber Orchestra & Margaret Batjer",
    "210": "Wilhelm Kempff",
    "211": "Yo-Yo Ma",
    "212": "Scholars Baroque Ensemble",
    "213": "Academy of St. Martin in the Fields & Sir Neville Marriner",
    "214": "Academy of St. Martin in the Fields Chamber Ensemble & Sir Neville Marriner",
    "215": "Berliner Philharmoniker, Claudio Abbado & Sabine Meyer",
    "216": "Royal Philharmonic Orchestra & Sir Thomas Beecham",
    "217": "Orchestre R\u00e9volutionnaire et Romantique & John Eliot Gardiner",
    "218": "Britten Sinfonia, Ivor Bolton & Lesley Garrett",
    "219": "Chicago Symphony Chorus, Chicago Symphony Orchestra & Sir Georg Solti",
    "220": "Sir Georg Solti & Wiener Philharmoniker",
    "221": "Academy of St. Martin in the Fields, John Birch, Sir Neville Marriner & Sylvia McNair",
    "222": "London Symphony Orchestra & Sir Charles Mackerras",
    "223": "Barry Wordsworth & BBC Concert Orchestra",
    "224": "Herbert Von Karajan, Mirella Freni & Wiener Philharmoniker",
    "225": "Eugene Ormandy",
    "226": "Luciano Pavarotti",
    "227": "Leonard Bernstein & New York Philharmonic",
    "228": "Boston Symphony Orchestra & Seiji Ozawa",
    "229": "Aaron Copland & London Symphony Orchestra",
    "230": "Ton Koopman",
    "231": "Sergei Prokofiev & Yuri Temirkanov",
    "232": "Chicago Symphony Orchestra & Fritz Reiner",
    "233": "Orchestra of The Age of Enlightenment",
    "234": "Emanuel Ax, Eugene Ormandy & Philadelphia Orchestra",
    "235": "James Levine",
    "236": "Berliner Philharmoniker & Hans Rosbaud",
    "237": "Maurizio Pollini",
    "238": "Academy of St. Martin in the Fields, Sir Neville Marriner & William Bennett",
    "239": "Gustav Mahler",
    "240": "Felix Schmidt, London Symphony Orchestra & Rafael Fr\u00fchbeck de Burgos",
    "241": "Edo de Waart & San Francisco Symphony",
    "242": "Antal Dor\u00e1ti & London Symphony Orchestra",
    "243": "Choir Of Westminster Abbey & Simon Preston",
    "244": "Michael Tilson Thomas & San Francisco Symphony",
    "245": "Chor der Wiener Staatsoper, Herbert Von Karajan & Wiener Philharmoniker",
    "246": "The King's Singers",
    "247": "Berliner Philharmoniker & Herbert Von Karajan",
    "248": "Sir Georg Solti, Sumi Jo & Wiener Philharmoniker",
    "249": "Christopher O'Riley",
    "250": "Fretwork",
    "251": "Amy Winehouse",
    "252": "Calexico",
    "253": "Otto Klemperer & Philharmonia Orchestra",
    "254": "Yehudi Menuhin",
    "255": "Philharmonia Orchestra & Sir Neville Marriner",
    "256": "Academy of St. Martin in the Fields, Sir Neville Marriner & Thurston Dart",
    "257": "Les Arts Florissants & William Christie",
    "258": "The 12 Cellists of The Berlin Philharmonic",
    "259": "Adrian Leaper & Doreen de Feis",
    "260": "Roger Norrington, London Classical Players",
    "261": "Charles Dutoit & L'Orchestre Symphonique de Montr\u00e9al",
    "262": "Equale Brass Ensemble, John Eliot Gardiner & Munich Monteverdi Orchestra and Choir",
    "263": "Kent Nagano and Orchestre de l'Op\u00e9ra de Lyon",
    "264": "Julian Bream",
    "265": "Martin Roscoe",
    "266": "G\u00f6teborgs Symfoniker & Neeme J\u00e4rvi",
    "267": "Itzhak Perlman",
    "268": "Michele Campanella",
    "269": "Gerald Moore",
    "270": "Mela Tenenbaum, Pro Musica Prague & Richard Kapp",
    "271": "Emerson String Quartet",
    "272": "C. Monteverdi, Nigel Rogers - Chiaroscuro; London Baroque; London Cornett & Sackbu",
    "273": "Nash Ensemble",
    "274": "Philip Glass Ensemble"
  }
}