{
  "CustomerId": {
    "0": 1,
    "1": 2,
    "2": 3,
    "3": 4,
    "4": 5,
    "5": 6,
    "6": 7,
    "7": 8,
    "8": 9,
    "9": 10,
    "10": 11,
    "11": 12,
    "12": 13,
    "13": 14,
    "14": 15,
    "15": 16,
    "16": 17,
    "17": 18,
    "18": 19,
    "19": 20,
    "20": 21,
    "21": 22,
    "22": 23,
    "23": 24,
    "24": 25,
    "25": 26,
    "26": 27,
    "27": 28,
    "28": 29,
    "29": 30,
    "30": 31,
    "31": 32,
    "32": 33,
    "33": 34,
    "34": 35,
    "35": 36,
    "36": 37,
    "37": 38,
    "38": 39,
    "39": 40,
    "40": 41,
    "41": 42,
    "42": 43,
    "43": 44,
    "44": 45,
    "45": 46,
    "46": 47,
    "47": 48,
    "48": 49,
    "49": 50,
    "50": 51,
    "51": 52,
    "52": 53,
    "53": 54,
    "54": 55,
    "55": 56,
    "56": 57,
    "57": 58,
    "58": 59
  },
  "FirstName": {
    "0": "Lu\u00eds",
    "1": "Leonie",
    "2": "Fran\u00e7ois",
    "3": "Bj\u00f8rn",
    "4": "Franti\u0161ek",
    "5": "Helena",
    "6": "Astrid",
    "7": "Daan",
    "8": "Kara",
    "9": "Eduardo",
    "10": "Alexandre",
    "11": "Roberto",
    "12": "Fernanda",
    "13": "Mark",
    "14": "Jennifer",
    "15": "Frank",
    "16": "Jack",
    "17": "Michelle",
    "18": "Tim",
    "19": "Dan",
    "20": "Kathy",
    "21": "Heather",
    "22": "John",
    "23": "Frank",
    "24": "Victor",
    "25": "Richard",
    "26": "Patrick",
    "27": "Julia",
    "28": "Robert",
    "29": "Edward",
    "30": "Martha",
    "31": "Aaron",
    "32": "Ellie",
    "33": "Jo\u00e3o",
    "34": "Madalena",
    "35": "Hannah",
    "36": "Fynn",
    "37": "Niklas",
    "38": "Camille",
    "39": "Dominique",
    "40": "Marc",
    "41": "Wyatt",
    "42": "Isabelle",
    "43": "Terhi",
    "44": "Ladislav",
    "45": "Hugh",
    "46": "Lucas",
    "47": "Johannes",
    "48": "Stanis\u0142aw",
    "49": "Enrique",
    "50": "Joakim",
    "51": "Emma",
    "52": "Phil",
    "53": "Steve",
    "54": "Mark",
    "55": "Diego",
    "56": "Luis",
    "57": "Manoj",
    "58": "Puja"
  },
  "LastName": {
    "0": "Gon\u00e7alves",
    "1": "K\u00f6hler",
    "2": "Tremblay",
    "3": "Hansen",
    "4": "Wichterlov\u00e1",
    "5": "Hol\u00fd",
    "6": "Gruber",
    "7": "Peeters",
    "8": "Nielsen",
    "9": "Martins",
    "10": "Rocha",
    "11": "Almeida",
    "12": "Ramos",
    "13": "Philips",
    "14": "Peterson",
    "15": "Harris",
    "16": "Smith",
    "17": "Brooks",
    "18": "Goyer",
    "19": "Miller",
    "20": "Chase",
    "21": "Leacock",
    "22": "Gordon",
    "23": "Ralston",
    "24": "Stevens",
    "25": "Cunningham",
    "26": "Gray",
    "27": "Barnett",
    "28": "Brown",
    "29": "Francis",
    "30": "Silk",
    "31": "Mitchell",
    "32": "Sullivan",
    "33": "Fernandes",
    "34": "Sampaio",
    "35": "Schneider",
    "36": "Zimmermann",
    "37": "Schr\u00f6der",
    "38": "Bernard",
    "39": "Lefebvre",
    "40": "Dubois",
    "41": "Girard",
    "42": "Mercier",
    "43": "H\u00e4m\u00e4l\u00e4inen",
    "44": "Kov\u00e1cs",
    "45": "O'Reilly",
    "46": "Mancini",
    "47": "Van der Berg",
    "48": "W\u00f3jcik",
    "49": "Mu\u00f1oz",
    "50": "Johansson",
    "51": "Jones",
    "52": "Hughes",
    "53": "Murray",
    "54": "Taylor",
    "55": "Guti\u00e9rrez",
    "56": "Rojas",
    "57": "Pareek",
    "58": "Srivastava"
  },
  "Company": {
    "0": "Embraer - Empresa Brasileira de Aeron\u00e1utica S.A.",
    "1": null,
    "2": null,
    "3": null,
    "4": "JetBrains s.r.o.",
    "5": null,
    "6": null,
    "7": null,
    "8": null,
    "9": "Woodstock Discos",
    "10": "Banco do Brasil S.A.",
    "11": "Riotur",
    "12": null,
    "13": "Telus",
    "14": "Rogers Canada",
    "15": "Google Inc.",
    "16": "Microsoft Corporation",
    "17": null,
    "18": "Apple Inc.",
    "19": null,
    "20": null,
    "21": null,
    "22": null,
    "23": null,
    "24": null,
    "25": null,
    "26": null,
    "27": null,
    "28": null,
    "29": null,
    "30": null,
    "31": null,
    "32": null,
    "33": null,
    "34": null,
    "35": null,
    "36": null,
    "37": null,
    "38": null,
    "39": null,
    "40": null,
    "41": null,
    "42": null,
    "43": null,
    "44": null,
    "45": null,
    "46": null,
    "47": null,
    "48": null,
    "49": null,
    "50": null,
    "51": null,
    "52": null,
    "53": null,
    "54": null,
    "55": null,
    "56": null,
    "57": null,
    "58": null
  },
  "Address": {
    "0": "Av. Brigadeiro Faria Lima, 2170",
    "1": "Theodor-Heuss-Stra\u00dfe 34",
    "2": "1498 rue B\u00e9langer",
    "3": "Ullev\u00e5lsveien 14",
    "4": "Klanova 9/506",
    "5": "Rilsk\u00e1 3174/6",
    "6": "Rotenturmstra\u00dfe 4, 1010 Innere Stadt",
    "7": "Gr\u00e9trystraat 63",
    "8": "S\u00f8nder Boulevard 51",
    "9": "Rua Dr. Falc\u00e3o Filho, 155",
    "10": "Av. Paulista, 2022",
    "11": "Pra\u00e7a Pio X, 119",
    "12": "Qe 7 Bloco G",
    "13": "8210 111 ST NW",
    "14": "700 W Pender Street",
    "15": "1600 Amphitheatre Parkway",
    "16": "1 Microsoft Way",
    "17": "627 Broadway",
    "18": "1 Infinite Loop",
    "19": "541 Del Medio Avenue",
    "20": "801 W 4th Street",
    "21": "120 S Orange Ave",
    "22": "69 Salem Street",
    "23": "162 E Superior Street",
    "24": "319 N. Frances Street",
    "25": "2211 W Berry Street",
    "26": "1033 N Park Ave",
    "27": "302 S 700 E",
    "28": "796 Dundas Street West",
    "29": "230 Elgin Street",
    "30": "194A Chain Lake Drive",
    "31": "696 Osborne Street",
    "32": "5112 48 Street",
    "33": "Rua da Assun\u00e7\u00e3o 53",
    "34": "Rua dos Campe\u00f5es Europeus de Viena, 4350",
    "35": "Tauentzienstra\u00dfe 8",
    "36": "Berger Stra\u00dfe 10",
    "37": "Barbarossastra\u00dfe 19",
    "38": "4, Rue Milton",
    "39": "8, Rue Hanovre",
    "40": "11, Place Bellecour",
    "41": "9, Place Louis Barthou",
    "42": "68, Rue Jouvence",
    "43": "Porthaninkatu 9",
    "44": "Erzs\u00e9bet krt. 58.",
    "45": "3 Chatham Street",
    "46": "Via Degli Scipioni, 43",
    "47": "Lijnbaansgracht 120bg",
    "48": "Ordynacka 10",
    "49": "C/ San Bernardo 85",
    "50": "Celsiusg. 9",
    "51": "202 Hoxton Street",
    "52": "113 Lupus St",
    "53": "110 Raeburn Pl",
    "54": "421 Bourke Street",
    "55": "307 Macacha G\u00fcemes",
    "56": "Calle Lira, 198",
    "57": "12,Community Centre",
    "58": "3,Raj Bhavan Road"
  },
  "City": {
    "0": "S\u00e3o Jos\u00e9 dos Campos",
    "1": "Stuttgart",
    "2": "Montr\u00e9al",
    "3": "Oslo",
    "4": "Prague",
    "5": "Prague",
    "6": "Vienne",
    "7": "Brussels",
    "8": "Copenhagen",
    "9": "S\u00e3o Paulo",
    "10": "S\u00e3o Paulo",
    "11": "Rio de Janeiro",
    "12": "Bras\u00edlia",
    "13": "Edmonton",
    "14": "Vancouver",
    "15": "Mountain View",
    "16": "Redmond",
    "17": "New York",
    "18": "Cupertino",
    "19": "Mountain View",
    "20": "Reno",
    "21": "Orlando",
    "22": "Boston",
    "23": "Chicago",
    "24": "Madison",
    "25": "Fort Worth",
    "26": "Tucson",
    "27": "Salt Lake City",
    "28": "Toronto",
    "29": "Ottawa",
    "30": "Halifax",
    "31": "Winnipeg",
    "32": "Yellowknife",
    "33": "Lisbon",
    "34": "Porto",
    "35": "Berlin",
    "36": "Frankfurt",
    "37": "Berlin",
    "38": "Paris",
    "39": "Paris",
    "40": "Lyon",
    "41": "Bordeaux",
    "42": "Dijon",
    "43": "Helsinki",
    "44": "Budapest",
    "45": "Dublin",
    "46": "Rome",
    "47": "Amsterdam",
    "48": "Warsaw",
    "49": "Madrid",
    "50": "Stockholm",
    "51": "London",
    "52": "London",
    "53": "Edinburgh ",
    "54": "Sidney",
    "55": "Buenos Aires",
    "56": "Santiago",
    "57": "Delhi",
    "58": "Bangalore"
  },
  "State": {
    "0": "SP",
    "1": null,
    "2": "QC",
    "3": null,
    "4": null,
    "5": null,
    "6": null,
    "7": null,
    "8": null,
    "9": "SP",
    "10": "SP",
    "11": "RJ",
    "12": "DF",
    "13": "AB",
    "14": "BC",
    "15": "CA",
    "16": "WA",
    "17": "NY",
    "18": "CA",
    "19": "CA",
    "20": "NV",
    "21": "FL",
    "22": "MA",
    "23": "IL",
    "24": "WI",
    "25": "TX",
    "26": "AZ",
    "27": "UT",
    "28": "ON",
    "29": "ON",
    "30": "NS",
    "31": "MB",
    "32": "NT",
    "33": null,
    "34": null,
    "35": null,
    "36": null,
    "37": null,
    "38": null,
    "39": null,
    "40": null,
    "41": null,
    "42": null,
    "43": null,
    "44": null,
    "45": "Dublin",
    "46": "RM",
    "47": "VV",
    "48": null,
    "49": null,
    "50": null,
    "51": null,
    "52": null,
    "53": null,
    "54": "NSW",
    "55": null,
    "56": null,
    "57": null,
    "58": null
  },
  "Country": {
    "0": "Brazil",
    "1": "Germany",
    "2": "Canada",
    "3": "Norway",
    "4": "Czech Republic",
    "5": "Czech Republic",
    "6": "Austria",
    "7": "Belgium",
    "8": "Denmark",
    "9": "Brazil",
    "10": "Brazil",
    "11": "Brazil",
    "12": "Brazil",
    "13": "Canada",
    "14": "Canada",
    "15": "USA",
    "16": "USA",
    "17": "USA",
    "18": "USA",
    "19": "USA",
    "20": "USA",
    "21": "USA",
    "22": "USA",
    "23": "USA",
    "24": "USA",
    "25": "USA",
    "26": "USA",
    "27": "USA",
    "28": "Canada",
    "29": "Canada",
    "30": "Canada",
    "31": "Canada",
    "32": "Canada",
    "33": "Portugal",
    "34": "Portugal",
    "35": "Germany",
    "36": "Germany",
    "37": "Germany",
    "38": "France",
    "39": "France",
    "40": "France",
    "41": "France",
    "42": "France",
    "43": "Finland",
    "44": "Hungary",
    "45": "Ireland",
    "46": "Italy",
    "47": "Netherlands",
    "48": "Poland",
    "49": "Spain",
    "50": "Sweden",
    "51": "United Kingdom",
    "52": "United Kingdom",
    "53": "United Kingdom",
    "54": "Australia",
    "55": "Argentina",
    "56": "Chile",
    "57": "India",
    "58": "India"
  },
  "PostalCode": {
    "0": "12227-000",
    "1": "70174",
    "2": "H2G 1A7",
    "3": "0171",
    "4": "14700",
    "5": "14300",
    "6": "1010",
    "7": "1000",
    "8": "1720",
    "9": "01007-010",
    "10": "01310-200",
    "11": "20040-020",
    "12": "71020-677",
    "13": "T6G 2C7",
    "14": "V6C 1G8",
    "15": "94043-1351",
    "16": "98052-8300",
    "17": "10012-2612",
    "18": "95014",
    "19": "94040-111",
    "20": "89503",
    "21": "32801",
    "22": "2113",
    "23": "60611",
    "24": "53703",
    "25": "76110",
    "26": "85719",
    "27": "84102",
    "28": "M6J 1V1",
    "29": "K2P 1L7",
    "30": "B3S 1C5",
    "31": "R3L 2B9",
    "32": "X1A 1N6",
    "33": null,
    "34": null,
    "35": "10789",
    "36": "60316",
    "37": "10779",
    "38": "75009",
    "39": "75002",
    "40": "69002",
    "41": "33000",
    "42": "21000",
    "43": "00530",
    "44": "H-1073",
    "45": null,
    "46": "00192",
    "47": "1016",
    "48": "00-358",
    "49": "28015",
    "50": "11230",
    "51": "N1 5LH",
    "52": "SW1V 3EN",
    "53": "EH4 1HH",
    "54": "2010",
    "55": "1106",
    "56": null,
    "57": "110017",
    "58": "560001"
  },
  "Phone": {
    "0": "+55 (12) 3923-5555",
    "1": "+49 0711 2842222",
    "2": "+1 (514) 721-4711",
    "3": "+47 22 44 22 22",
    "4": "+420 2 4172 5555",
    "5": "+420 2 4177 0449",
    "6": "+43 01 5134505",
    "7": "+32 02 219 03 03",
    "8": "+453 3331 9991",
    "9": "+55 (11) 3033-5446",
    "10": "+55 (11) 3055-3278",
    "11": "+55 (21) 2271-7000",
    "12": "+55 (61) 3363-5547",
    "13": "+1 (780) 434-4554",
    "14": "+1 (604) 688-2255",
    "15": "+1 (650) 253-0000",
    "16": "+1 (425) 882-8080",
    "17": "+1 (212) 221-3546",
    "18": "+1 (408) 996-1010",
    "19": "+1 (650) 644-3358",
    "20": "+1 (775) 223-7665",
    "21": "+1 (407) 999-7788",
    "22": "+1 (617) 522-1333",
    "23": "+1 (312) 332-3232",
    "24": "+1 (608) 257-0597",
    "25": "+1 (817) 924-7272",
    "26": "+1 (520) 622-4200",
    "27": "+1 (801) 531-7272",
    "28": "+1 (416) 363-8888",
    "29": "+1 (613) 234-3322",
    "30": "+1 (902) 450-0450",
    "31": "+1 (204) 452-6452",
    "32": "+1 (867) 920-2233",
    "33": "+351 (213) 466-111",
    "34": "+351 (225) 022-448",
    "35": "+49 030 26550280",
    "36": "+49 069 40598889",
    "37": "+49 030 2141444",
    "38": "+33 01 49 70 65 65",
    "39": "+33 01 47 42 71 71",
    "40": "+33 04 78 30 30 30",
    "41": "+33 05 56 96 96 96",
    "42": "+33 03 80 73 66 99",
    "43": "+358 09 870 2000",
    "44": null,
    "45": "+353 01 6792424",
    "46": "+39 06 39733434",
    "47": "+31 020 6223130",
    "48": "+48 22 828 37 39",
    "49": "+34 914 454 454",
    "50": "+46 08-651 52 52",
    "51": "+44 020 7707 0707",
    "52": "+44 020 7976 5722",
    "53": "+44 0131 315 3300",
    "54": "+61 (02) 9332 3633",
    "55": "+54 (0)11 4311 4333",
    "56": "+56 (0)2 635 4444",
    "57": "+91 0124 39883988",
    "58": "+91 080 22289999"
  },
  "Fax": {
    "0": "+55 (12) 3923-5566",
    "1": null,
    "2": null,
    "3": null,
    "4": "+420 2 4172 5555",
    "5": null,
    "6": null,
    "7": null,
    "8": null,
    "9": "+55 (11) 3033-4564",
    "10": "+55 (11) 3055-8131",
    "11": "+55 (21) 2271-7070",
    "12": "+55 (61) 3363-7855",
    "13": "+1 (780) 434-5565",
    "14": "+1 (604) 688-8756",
    "15": "+1 (650) 253-0000",
    "16": "+1 (425) 882-8081",
    "17": "+1 (212) 221-4679",
    "18": "+1 (408) 996-1011",
    "19": null,
    "20": null,
    "21": null,
    "22": null,
    "23": null,
    "24": null,
    "25": null,
    "26": null,
    "27": null,
    "28": null,
    "29": null,
    "30": null,
    "31": null,
    "32": null,
    "33": null,
    "34": null,
    "35": null,
    "36": null,
    "37": null,
    "38": null,
    "39": null,
    "40": null,
    "41": null,
    "42": null,
    "43": null,
    "44": null,
    "45": null,
    "46": null,
    "47": null,
    "48": null,
    "49": null,
    "50": null,
    "51": null,
    "52": null,
    "53": null,
    "54": null,
    "55": null,
    "56": null,
    "57": null,
    "58": null
  },
  "Email": {
    "0": "luisg@embraer.com.br",
    "1": "leonekohler@surfeu.de",
    "2": "ftremblay@gmail.com",
    "3": "bjorn.hansen@yahoo.no",
    "4": "frantisekw@jetbrains.com",
    "5": "hholy@gmail.com",
    "6": "astrid.gruber@apple.at",
    "7": "daan_peeters@apple.be",
    "8": "kara.nielsen@jubii.dk",
    "9": "eduardo@woodstock.com.br",
    "10": "alero@uol.com.br",
    "11": "roberto.almeida@riotur.gov.br",
    "12": "fernadaramos4@uol.com.br",
    "13": "mphilips12@shaw.ca",
    "14": "jenniferp@rogers.ca",
    "15": "fharris@google.com",
    "16": "jacksmith@microsoft.com",
    "17": "michelleb@aol.com",
    "18": "tgoyer@apple.com",
    "19": "dmiller@comcast.com",
    "20": "kachase@hotmail.com",
    "21": "hleacock@gmail.com",
    "22": "johngordon22@yahoo.com",
    "23": "fralston@gmail.com",
    "24": "vstevens@yahoo.com",
    "25": "ricunningham@hotmail.com",
    "26": "patrick.gray@aol.com",
    "27": "jubarnett@gmail.com",
    "28": "robbrown@shaw.ca",
    "29": "edfrancis@yachoo.ca",
    "30": "marthasilk@gmail.com",
    "31": "aaronmitchell@yahoo.ca",
    "32": "ellie.sullivan@shaw.ca",
    "33": "jfernandes@yahoo.pt",
    "34": "masampaio@sapo.pt",
    "35": "hannah.schneider@yahoo.de",
    "36": "fzimmermann@yahoo.de",
    "37": "nschroder@surfeu.de",
    "38": "camille.bernard@yahoo.fr",
    "39": "dominiquelefebvre@gmail.com",
    "40": "marc.dubois@hotmail.com",
    "41": "wyatt.girard@yahoo.fr",
    "42": "isabelle_mercier@apple.fr",
    "43": "terhi.hamalainen@apple.fi",
    "44": "ladislav_kovacs@apple.hu",
    "45": "hughoreilly@apple.ie",
    "46": "lucas.mancini@yahoo.it",
    "47": "johavanderberg@yahoo.nl",
    "48": "stanis\u0142aw.w\u00f3jcik@wp.pl",
    "49": "enrique_munoz@yahoo.es",
    "50": "joakim.johansson@yahoo.se",
    "51": "emma_jones@hotmail.com",
    "52": "phil.hughes@gmail.com",
    "53": "steve.murray@yahoo.uk",
    "54": "mark.taylor@yahoo.au",
    "55": "diego.gutierrez@yahoo.ar",
    "56": "luisrojas@yahoo.cl",
    "57": "manoj.pareek@rediff.com",
    "58": "puja_srivastava@yahoo.in"
  },
  "SupportRepId": {
    "0": 3,
    "1": 5,
    "2": 3,
    "3": 4,
    "4": 4,
    "5": 5,
    "6": 5,
    "7": 4,
    "8": 4,
    "9": 4,
    "10": 5,
    "11": 3,
    "12": 4,
    "13": 5,
    "14": 3,
    "15": 4,
    "16": 5,
    "17": 3,
    "18": 3,
    "19": 4,
    "20": 5,
    "21": 4,
    "22": 4,
    "23": 3,
    "24": 5,
    "25": 4,
    "26": 4,
    "27": 5,
    "28": 3,
    "29": 3,
    "30": 5,
    "31": 4,
    "32": 3,
    "33": 4,
    "34": 4,
    "35": 5,
    "36": 3,
    "37": 3,
    "38": 4,
    "39": 4,
    "40": 5,
    "41": 3,
    "42": 3,
    "43": 3,
    "44": 3,
    "45": 3,
    "46": 5,
    "47": 5,
    "48": 4,
    "49": 5,
    "50": 5,
    "51": 3,
    "52": 3,
    "53": 5,
    "54": 4,
    "55": 4,
    "56": 5,
    "57": 3,
    "58": 3
  }
}