{
  "EmployeeId": {
    "0": 1,
    "1": 2,
    "2": 3,
    "3": 4,
    "4": 5,
    "5": 6,
    "6": 7,
    "7": 8
  },
  "LastName": {
    "0": "Adams",
    "1": "Edwards",
    "2": "Peacock",
    "3": "Park",
    "4": "Johnson",
    "5": "Mitchell",
    "6": "King",
    "7": "Callahan"
  },
  "FirstName": {
    "0": "Andrew",
    "1": "Nancy",
    "2": "Jane",
    "3": "Margaret",
    "4": "Steve",
    "5": "Michael",
    "6": "Robert",
    "7": "Laura"
  },
  "Title": {
    "0": "General Manager",
    "1": "Sales Manager",
    "2": "Sales Support Agent",
    "3": "Sales Support Agent",
    "4": "Sales Support Agent",
    "5": "IT Manager",
    "6": "IT Staff",
    "7": "IT Staff"
  },
  "ReportsTo": {
    "0": null,
    "1": 1.0,
    "2": 2.0,
    "3": 2.0,
    "4": 2.0,
    "5": 1.0,
    "6": 6.0,
    "7": 6.0
  },
  "BirthDate": {
    "0": "1962-02-18 00:00:00",
    "1": "1958-12-08 00:00:00",
    "2": "1973-08-29 00:00:00",
    "3": "1947-09-19 00:00:00",
    "4": "1965-03-03 00:00:00",
    "5": "1973-07-01 00:00:00",
    "6": "1970-05-29 00:00:00",
    "7": "1968-01-09 00:00:00"
  },
  "HireDate": {
    "0": "2002-08-14 00:00:00",
    "1": "2002-05-01 00:00:00",
    "2": "2002-04-01 00:00:00",
    "3": "2003-05-03 00:00:00",
    "4": "2003-10-17 00:00:00",
    "5": "2003-10-17 00:00:00",
    "6": "2004-01-02 00:00:00",
    "7": "2004-03-04 00:00:00"
  },
  "Address": {
    "0": "11120 Jasper Ave NW",
    "1": "825 8 Ave SW",
    "2": "1111 6 Ave SW",
    "3": "683 10 Street SW",
    "4": "7727B 41 Ave",
    "5": "5827 Bowness Road NW",
    "6": "590 Columbia Boulevard West",
    "7": "923 7 ST NW"
  },
  "City": {
    "0": "Edmonton",
    "1": "Calgary",
    "2": "Calgary",
    "3": "Calgary",
    "4": "Calgary",
    "5": "Calgary",
    "6": "Lethbridge",
    "7": "Lethbridge"
  },
  "State": {
    "0": "AB",
    "1": "AB",
    "2": "AB",
    "3": "AB",
    "4": "AB",
    "5": "AB",
    "6": "AB",
    "7": "AB"
  },
  "Country": {
    "0": "Canada",
    "1": "Canada",
    "2": "Canada",
    "3": "Canada",
    "4": "Canada",
    "5": "Canada",
    "6": "Canada",
    "7": "Canada"
  },
  "PostalCode": {
    "0": "T5K 2N1",
    "1": "T2P 2T3",
    "2": "T2P 5M5",
    "3": "T2P 5G3",
    "4": "T3B 1Y7",
    "5": "T3B 0C5",
    "6": "T1K 5N8",
    "7": "T1H 1Y8"
  },
  "Phone": {
    "0": "+1 (780) 428-9482",
    "1": "+1 (403) 262-3443",
    "2": "+1 (403) 262-3443",
    "3": "+1 (403) 263-4423",
    "4": "1 (780) 836-9987",
    "5": "+1 (403) 246-9887",
    "6": "+1 (403) 456-9986",
    "7": "+1 (403) 467-3351"
  },
  "Fax": {
    "0": "+1 (780) 428-3457",
    "1": "+1 (403) 262-3322",
    "2": "+1 (403) 262-6712",
    "3": "+1 (403) 263-4289",
    "4": "1 (780) 836-9543",
    "5": "+1 (403) 246-9899",
    "6": "+1 (403) 456-8485",
    "7": "+1 (403) 467-8772"
  },
  "Email": {
    "0": "andrew@chinookcorp.com",
    "1": "nancy@chinookcorp.com",
    "2": "jane@chinookcorp.com",
    "3": "margaret@chinookcorp.com",
    "4": "steve@chinookcorp.com",
    "5": "michael@chinookcorp.com",
    "6": "robert@chinookcorp.com",
    "7": "laura@chinookcorp.com"
  }
}